strategy,trials,success_rate,avg_planned_duration,avg_measured_duration,avg_rms_error,avg_max_abs_error,avg_final_abs_error,avg_steady_state_max_error,avg_steady_state_mean_error,avg_max_overshoot,avg_max_overshoot_percent,avg_response_time_90,avg_settling_time
fast,3,1.0,1.64693,1.9,0.00736155,0.015754566666666667,2.8029566666666667e-05,2.8029566666666667e-05,8.855346666666667e-06,0.00026213066666666665,0.0164394,1.3,1.5333333333333334
medium,3,1.0,2.6655933333333333,2.9,0.004520733333333333,0.00785388,2.7997266666666667e-05,2.7997266666666667e-05,8.853323333333333e-06,0.00022669533333333333,0.0141691,2.2,2.6
slow,3,1.0,5.72133,5.966666666666667,0.00207886,0.00314803,2.7735333333333332e-05,2.7735333333333332e-05,8.69851e-06,0.00016206966666666668,0.010130756666666667,4.933333333333334,5.566666666666666
