planner,trials,success_rate,avg_planning_wall_time,avg_planned_duration,avg_trajectory_points,avg_joint_path_length
PRMkConfigDefault,15,1.0,0.023609206666666667,2.898871333333333,30.333333333333332,2.751306
RRTConnectkConfigDefault,15,1.0,0.017046793333333334,2.8988593333333332,30.333333333333332,2.7512886666666665
RRTkConfigDefault,15,1.0,0.015141186666666667,2.898894,30.333333333333332,2.7513093333333334
RRTstarkConfigDefault,15,1.0,3.0073713333333334,2.898849333333333,30.333333333333332,2.751230666666667
